"ID","Kingdom","Phylum","Class","Order","Family","Genus","Species","mean","Label"
"OTU6009","Bacteria","Bacteroidetes","Flavobacteriia","Flavobacteriales","Flavobacteriaceae","Cellulophaga","Cellulophaga_baltica",282379.777777778,"OTU6009"
"OTU1093","Archaea","Thaumarchaeota","Unclassified","Nitrosopumilales","Nitrosopumilaceae","Nitrosopumilus","Nitrosopumilus_adriaticus",95753,"OTU1093"
"OTU2879","Bacteria","Planctomycetes","Unclassified","Unclassified","Unclassified","Unclassified","Planctomycetes_bacterium_TBK1r",44618.7777777778,"OTU2879"
"OTU5673","Bacteria","Bacteroidetes","Flavobacteriia","Flavobacteriales","Flavobacteriaceae","Arenibacter","Arenibacter_algicola",33333.4444444444,"OTU5673"
"OTU691","Bacteria","Proteobacteria","Alphaproteobacteria","Rhodobacterales","Roseobacteraceae","Sulfitobacter","Sulfitobacter_sp._SK011",29526.6666666667,"OTU691"
"OTU6260","Bacteria","Proteobacteria","Gammaproteobacteria","Cellvibrionales","Halieaceae","Halioglobus","Halioglobus_pacificus",27457.3333333333,"OTU6260"
"OTU364","Bacteria","Planctomycetes","Planctomycetia","Planctomycetales","Planctomycetaceae","Gimesia","Gimesia_maris",33430.4444444444,"OTU364"
"OTU6085","Bacteria","Proteobacteria","Alphaproteobacteria","Rhodobacterales","Roseobacteraceae","Sulfitobacter","Sulfitobacter_mediterraneus",21488.5555555556,"OTU6085"
"OTU3180","Bacteria","Planctomycetes","Planctomycetia","Planctomycetales","Planctomycetaceae","Gimesia","Gimesia_chilikensis",21776.5555555556,"OTU3180"
"OTU1081","Bacteria","Proteobacteria","Alphaproteobacteria","Rhodobacterales","Rhodobacteraceae","Unclassified","uncultured_Rhodobacteraceae_bacterium",14633,"OTU1081"
"OTU3048","Bacteria","Bacteroidetes","Flavobacteriia","Flavobacteriales","Flavobacteriaceae","Aureibaculum","Aureibaculum_algae",16955.4444444444,"OTU3048"
"OTU4015","Bacteria","Proteobacteria","Gammaproteobacteria","Alteromonadales","Alteromonadaceae","Alteromonas","Alteromonas_macleodii",10328.6666666667,"OTU4015"
"OTU198","Bacteria","Unclassified","Unclassified","Unclassified","Unclassified","Unclassified","uncultured_bacterium_ws172H5",8297.44444444445,"OTU198"
"OTU2897","Bacteria","Planctomycetes","Planctomycetia","Planctomycetales","Planctomycetaceae","Symmachiella","Symmachiella_dynata",7989.22222222222,"OTU2897"
"OTU1749","Bacteria","Bacteroidetes","Flavobacteriia","Flavobacteriales","Flavobacteriaceae","Unclassified","Flavobacteriaceae_bacterium",6220,"OTU1749"
"OTU3334","Bacteria","Bacteroidetes","Flavobacteriia","Flavobacteriales","Flavobacteriaceae","Algibacter","Algibacter_sp._L3A6",6790.88888888889,"OTU3334"
"OTU1978","Bacteria","Proteobacteria","Alphaproteobacteria","Hyphomicrobiales","Parvibaculaceae","Anderseniella","Anderseniella_sp._Alg231-50",5662,"OTU1978"
"OTU1897","Bacteria","Proteobacteria","Betaproteobacteria","Burkholderiales","Comamonadaceae","Hydrogenophaga","Hydrogenophaga_sp.",5779.66666666667,"OTU1897"
"OTU2430","Archaea","Thaumarchaeota","Unclassified","Nitrosopumilales","Nitrosopumilaceae","Nitrosopumilus","Nitrosopumilus_sp._b3",5673.55555555556,"OTU2430"
"OTU2889","Bacteria","Planctomycetes","Planctomycetia","Pirellulales","Pirellulaceae","Stieleria","Stieleria_neptunia",5063.11111111111,"OTU2889"
"OTU2029","Bacteria","Bacteroidetes","Cytophagia","Cytophagales","Unclassified","Unclassified","Cytophagales_bacterium_TFI_002",4938.66666666667,"OTU2029"
"OTU2495","Bacteria","Proteobacteria","Alphaproteobacteria","Hyphomicrobiales","Hyphomicrobiaceae","Methyloceanibacter","Methyloceanibacter_sp._wino2",4480.22222222222,"OTU2495"
"OTU473","Bacteria","Proteobacteria","Alphaproteobacteria","Rhodobacterales","Rhodobacteraceae","Planktomarina","Planktomarina_temperata",4235.55555555556,"OTU473"
"OTU2324","Bacteria","Bacteroidetes","Flavobacteriia","Flavobacteriales","Flavobacteriaceae","Olleya","Olleya_sp._Bg11-27",4201.33333333333,"OTU2324"
"OTU6316","Bacteria","Bacteroidetes","Flavobacteriia","Flavobacteriales","Flavobacteriaceae","Cellulophaga","Cellulophaga_lytica",4166.66666666667,"OTU6316"
"OTU4330","Bacteria","Proteobacteria","Alphaproteobacteria","Sphingomonadales","Erythrobacteraceae","Qipengyuania","Qipengyuania_psychrotolerans",3804.77777777778,"OTU4330"
"OTU1147","Bacteria","Proteobacteria","Alphaproteobacteria","Rhodobacterales","Roseobacteraceae","Actibacterium","Actibacterium_sp._EMB200-NS6",3947.88888888889,"OTU1147"
"OTU5689","Bacteria","Bacteroidetes","Flavobacteriia","Flavobacteriales","Flavobacteriaceae","Zobellia","Zobellia_galactanivorans",3491.66666666667,"OTU5689"
"OTU4890","Bacteria","Proteobacteria","Gammaproteobacteria","Cellvibrionales","Halieaceae","Congregibacter","Congregibacter_litoralis",2911.44444444444,"OTU4890"
"OTU856","Bacteria","Proteobacteria","Alphaproteobacteria","Rhodobacterales","Rhodobacteraceae","Paracoccus","Paracoccus_yeei",2619,"OTU856"
"OTU1250","Bacteria","Bacteroidetes","Flavobacteriia","Flavobacteriales","Flavobacteriaceae","Maribacter","Maribacter_sp._1_2014MBL_MicDiv",2779.22222222222,"OTU1250"
"OTU3725","Bacteria","Bacteroidetes","Flavobacteriia","Flavobacteriales","Flavobacteriaceae","Olleya","Olleya_sp._HaHaR_3_96",2623.88888888889,"OTU3725"
"OTU6327","Bacteria","Bacteroidetes","Flavobacteriia","Flavobacteriales","Flavobacteriaceae","Dokdonia","Dokdonia_sp._4H-3-7-5",2509.11111111111,"OTU6327"
"OTU4328","Bacteria","Proteobacteria","Alphaproteobacteria","Sphingomonadales","Erythrobacteraceae","Qipengyuania","Qipengyuania_gelatinilytica",2156.22222222222,"OTU4328"
"OTU5019","Bacteria","Proteobacteria","Alphaproteobacteria","Rhodobacterales","Roseobacteraceae","Roseobacter","Roseobacter_litoralis",2404.22222222222,"OTU5019"
"OTU4953","Bacteria","Proteobacteria","Gammaproteobacteria","Xanthomonadales","Xanthomonadaceae","Stenotrophomonas","Stenotrophomonas_maltophilia",2014.88888888889,"OTU4953"
"OTU3320","Bacteria","Bacteroidetes","Flavobacteriia","Flavobacteriales","Flavobacteriaceae","Winogradskyella","Winogradskyella_forsetii",1896.33333333333,"OTU3320"
"OTU1693","Bacteria","Bacteroidetes","Flavobacteriia","Flavobacteriales","Flavobacteriaceae","Tenacibaculum","Tenacibaculum_todarodis",2022.77777777778,"OTU1693"
"OTU4088","Bacteria","Proteobacteria","Alphaproteobacteria","Rhodobacterales","Rhodobacteraceae","Aestuarium","Aestuarium_zhoushanense",1820.55555555556,"OTU4088"
"OTU2740","Bacteria","Bacteroidetes","Sphingobacteriia","Unclassified","Unclassified","Unclassified","uncultured_Sphingobacteriia_bacterium",1804.44444444444,"OTU2740"
"OTU3678","Bacteria","Bacteroidetes","Flavobacteriia","Flavobacteriales","Flavobacteriaceae","Polaribacter","Polaribacter_pectinis",1851.88888888889,"OTU3678"
"OTU4542","Bacteria","Bacteroidetes","Flavobacteriia","Flavobacteriales","Flavobacteriaceae","Maribacter","Maribacter_sp._HTCC2170",1667.33333333333,"OTU4542"
"OTU2504","Bacteria","Bacteroidetes","Flavobacteriia","Flavobacteriales","Flavobacteriaceae","Dokdonia","Dokdonia_sp._Dokd-P16",1778.33333333333,"OTU2504"
"OTU4817","Bacteria","Proteobacteria","Betaproteobacteria","Burkholderiales","Oxalobacteraceae","Janthinobacterium","Janthinobacterium_sp._Marseille",1777.33333333333,"OTU4817"
"OTU1715","Bacteria","Proteobacteria","Betaproteobacteria","Burkholderiales","Comamonadaceae","Acidovorax","Acidovorax_sp._T1",1765.77777777778,"OTU1715"
"OTU1691","Bacteria","Bacteroidetes","Flavobacteriia","Flavobacteriales","Flavobacteriaceae","Urechidicola","Urechidicola_croceus",1561.66666666667,"OTU1691"
"OTU4583","Bacteria","Bacteroidetes","Flavobacteriia","Flavobacteriales","Flavobacteriaceae","Maribacter","Maribacter_dokdonensis",1590,"OTU4583"
"OTU3726","Bacteria","Bacteroidetes","Flavobacteriia","Flavobacteriales","Flavobacteriaceae","Polaribacter","Polaribacter_sp._HaHaR_3_91",1550.77777777778,"OTU3726"
"OTU3080","Bacteria","Proteobacteria","Alphaproteobacteria","Rhodobacterales","Roseobacteraceae","Roseivivax","Roseivivax_sp._THAF197b",1451.66666666667,"OTU3080"
"OTU2471","Bacteria","Proteobacteria","Alphaproteobacteria","Rhodobacterales","Roseobacteraceae","Dinoroseobacter","Dinoroseobacter_shibae",1477.33333333333,"OTU2471"
"OTU3232","Bacteria","Bacteroidetes","Flavobacteriia","Flavobacteriales","Flavobacteriaceae","Lacinutrix","Lacinutrix_sp._WUR7",1507.11111111111,"OTU3232"
"OTU2895","Bacteria","Planctomycetes","Planctomycetia","Pirellulales","Pirellulaceae","Rosistilla","Rosistilla_oblonga",1518.22222222222,"OTU2895"
"OTU3074","Bacteria","Proteobacteria","Alphaproteobacteria","Rhodobacterales","Roseobacteraceae","Roseivivax","Roseivivax_sp._THAF40",1382.66666666667,"OTU3074"
"OTU3333","Bacteria","Bacteroidetes","Flavobacteriia","Flavobacteriales","Flavobacteriaceae","Algibacter","Algibacter_sp._L1A34",1239.55555555556,"OTU3333"
"OTU1848","Bacteria","Bacteroidetes","Flavobacteriia","Flavobacteriales","Flavobacteriaceae","Polaribacter","Polaribacter_haliotis",1410.88888888889,"OTU1848"
"OTU2999","Bacteria","Bacteroidetes","Flavobacteriia","Flavobacteriales","Flavobacteriaceae","Psychroserpens","Psychroserpens_sp._NJDZ02",1325.44444444444,"OTU2999"
"OTU2815","Bacteria","Bacteroidetes","Flavobacteriia","Flavobacteriales","Flavobacteriaceae","Maribacter","Maribacter_sp._MJ134",1298.66666666667,"OTU2815"
"OTU4935","Bacteria","Proteobacteria","Alphaproteobacteria","Sphingomonadales","Erythrobacteraceae","Erythrobacter","Erythrobacter_litoralis",1161.44444444444,"OTU4935"
"OTU1663","Bacteria","Bacteroidetes","Flavobacteriia","Flavobacteriales","Flavobacteriaceae","Maribacter","Maribacter_hydrothermalis",1128.88888888889,"OTU1663"
"OTU342","Bacteria","Proteobacteria","Alphaproteobacteria","Rhodobacterales","Roseobacteraceae","Celeribacter","Celeribacter_indicus",1070.55555555556,"OTU342"
"OTU2888","Bacteria","Planctomycetes","Planctomycetia","Planctomycetales","Planctomycetaceae","Gimesia","Gimesia_panareensis",1012,"OTU2888"
"OTU3475","Bacteria","Nitrospinae","Nitrospinia","Nitrospinales","Nitrospinaceae","Candidatus_Nitrohelix","Candidatus_Nitrohelix_vancouverensis",1001.33333333333,"OTU3475"
"OTU1272","Bacteria","Bacteroidetes","Flavobacteriia","Flavobacteriales","Flavobacteriaceae","Unclassified","uncultured_Flavobacteriaceae_bacterium",951.777777777778,"OTU1272"
"OTU5447","Bacteria","Proteobacteria","Alphaproteobacteria","Rhodobacterales","Roseobacteraceae","Roseovarius","Roseovarius_indicus",961,"OTU5447"
"OTU3330","Bacteria","Bacteroidetes","Flavobacteriia","Flavobacteriales","Flavobacteriaceae","Polaribacter","Polaribacter_sp._L3A8",980.888888888889,"OTU3330"
"OTU6177","Bacteria","Proteobacteria","Alphaproteobacteria","Rhodobacterales","Roseobacteraceae","Celeribacter","Celeribacter_baekdonensis",942.333333333333,"OTU6177"
"OTU3439","Bacteria","Bacteroidetes","Flavobacteriia","Flavobacteriales","Flavobacteriaceae","Winogradskyella","Winogradskyella_helgolandensis",922.666666666667,"OTU3439"
"OTU3750","Bacteria","Bacteroidetes","Flavobacteriia","Flavobacteriales","Flavobacteriaceae","Cellulophaga","Cellulophaga_sp._HaHa_2_1",926.333333333333,"OTU3750"
"OTU1507","Bacteria","Proteobacteria","Betaproteobacteria","Burkholderiales","Comamonadaceae","Hydrogenophaga","Hydrogenophaga_crassostreae",887.777777777778,"OTU1507"
"OTU527","Bacteria","Bacteroidetes","Flavobacteriia","Flavobacteriales","Flavobacteriaceae","Polaribacter","Polaribacter_sp._SA4-12",884.555555555556,"OTU527"
"OTU1644","Bacteria","Proteobacteria","Gammaproteobacteria","Chromatiales","Chromatiaceae","Unclassified","uncultured_Chromatiaceae_bacterium",862.444444444444,"OTU1644"
"OTU3331","Bacteria","Bacteroidetes","Flavobacteriia","Flavobacteriales","Flavobacteriaceae","Cellulophaga","Cellulophaga_sp._L1A9",868.444444444444,"OTU3331"
"OTU1453","Bacteria","Bacteroidetes","Flavobacteriia","Flavobacteriales","Flavobacteriaceae","Algibacter","Algibacter_alginicilyticus",756,"OTU1453"
"OTU3742","Bacteria","Proteobacteria","Alphaproteobacteria","Rhodobacterales","Rhodobacteraceae","Pikeienuella","Pikeienuella_piscinae",785.333333333333,"OTU3742"
"OTU6010","Bacteria","Bacteroidetes","Flavobacteriia","Flavobacteriales","Flavobacteriaceae","Cellulophaga","Cellulophaga_fucicola",847.444444444444,"OTU6010"
"OTU3727","Bacteria","Bacteroidetes","Flavobacteriia","Flavobacteriales","Flavobacteriaceae","Polaribacter","Polaribacter_sp._AHE13PA",843.555555555556,"OTU3727"
"OTU3072","Bacteria","Proteobacteria","Alphaproteobacteria","Rhodobacterales","Roseobacteraceae","Sulfitobacter","Sulfitobacter_sp._THAF37",802.555555555556,"OTU3072"
"OTU3243","Bacteria","Planctomycetes","Planctomycetia","Pirellulales","Pirellulaceae","Rhodopirellula","Rhodopirellula_baltica",804.555555555556,"OTU3243"
"OTU664","Bacteria","Bacteroidetes","Flavobacteriia","Flavobacteriales","Flavobacteriaceae","Winogradskyella","Winogradskyella_sediminis",711.111111111111,"OTU664"
"OTU3944","Bacteria","Planctomycetes","Planctomycetia","Pirellulales","Pirellulaceae","Stieleria","Stieleria_maiorica",741.333333333333,"OTU3944"
"OTU2223","Bacteria","Proteobacteria","Gammaproteobacteria","Thiotrichales","Unclassified","Unclassified","Thiotrichales_bacterium",666,"OTU2223"
"OTU3730","Bacteria","Proteobacteria","Alphaproteobacteria","Rhodobacterales","Rhodobacteraceae","Unclassified","Rhodobacteraceae_bacterium_SC52",750.444444444444,"OTU3730"
"OTU18","Bacteria","Bacteroidetes","Flavobacteriia","Flavobacteriales","Flavobacteriaceae","Aequorivita","Aequorivita_sublithincola",689.666666666667,"OTU18"
"OTU3321","Bacteria","Bacteroidetes","Flavobacteriia","Flavobacteriales","Flavobacteriaceae","Winogradskyella","Winogradskyella_schleiferi",3823.55555555556,"OTU3321"
"OTU2874","Bacteria","Proteobacteria","Gammaproteobacteria","Cellvibrionales","Halieaceae","Aequoribacter","Aequoribacter_fuscus",2744.77777777778,"OTU2874"
"OTU2379","Bacteria","Proteobacteria","Betaproteobacteria","Rhodocyclales","Zoogloeaceae","Unclassified","Zoogloeaceae_bacteirum_Par-f-2",832.444444444444,"OTU2379"
"OTU5489","Bacteria","Proteobacteria","Gammaproteobacteria","Enterobacterales","Enterobacteriaceae","Enterobacter","Enterobacter_cloacae",918.444444444444,"OTU5489"
"OTU2357","Bacteria","Proteobacteria","Alphaproteobacteria","Rhodobacterales","Roseobacteraceae","Sulfitobacter","Sulfitobacter_sp._JL08",1441.88888888889,"OTU2357"
"OTU670","Bacteria","Proteobacteria","Alphaproteobacteria","Hyphomicrobiales","Hyphomicrobiaceae","Methyloceanibacter","Methyloceanibacter_caenitepidi",1159.77777777778,"OTU670"
"OTU5435","Bacteria","Proteobacteria","Alphaproteobacteria","Rhodobacterales","Roseobacteraceae","Thalassobius","Thalassobius_gelatinovorus",889,"OTU5435"
"OTU2139","Bacteria","Proteobacteria","Alphaproteobacteria","Rhodobacterales","Roseobacteraceae","Sagittula","Sagittula_sp._P11",850,"OTU2139"
"OTU4628","Bacteria","Proteobacteria","Acidithiobacillia","Acidithiobacillales","Acidithiobacillaceae","Acidithiobacillus","Acidithiobacillus_caldus",3679.88888888889,"OTU4628"
"OTU358","Bacteria","Proteobacteria","Alphaproteobacteria","Hyphomicrobiales","Stappiaceae","Pannonibacter","Pannonibacter_phragmitetus",1107.55555555556,"OTU358"
"OTU4472","Bacteria","Proteobacteria","Gammaproteobacteria","Vibrionales","Vibrionaceae","Vibrio","Vibrio_splendidus",9997.88888888889,"OTU4472"
"OTU445","Bacteria","Proteobacteria","Alphaproteobacteria","Rhodobacterales","Rhodobacteraceae","Brevirhabdus","Brevirhabdus_pacifica",4455.33333333333,"OTU445"
"OTU3863","Bacteria","Proteobacteria","Gammaproteobacteria","Xanthomonadales","Xanthomonadaceae","Stenotrophomonas","Stenotrophomonas_sp._CW117",2993.33333333333,"OTU3863"
"OTU1419","Bacteria","Acidobacteria","Unclassified","Unclassified","Unclassified","Unclassified","uncultured_Acidobacteria_bacterium",1888.88888888889,"OTU1419"
"OTU1579","Bacteria","Proteobacteria","Betaproteobacteria","Burkholderiales","Comamonadaceae","Alicycliphilus","Alicycliphilus_denitrificans",975.111111111111,"OTU1579"
"OTU5012","Bacteria","Proteobacteria","Betaproteobacteria","Rhodocyclales","Zoogloeaceae","Azoarcus","Azoarcus_communis",2232.33333333333,"OTU5012"
"OTU2072","Bacteria","Proteobacteria","Unclassified","Unclassified","Unclassified","Unclassified","Proteobacteria_bacterium",49258.4444444444,"OTU2072"
"OTU3448","Bacteria","Bacteroidetes","Flavobacteriia","Flavobacteriales","Flavobacteriaceae","Muricauda","Muricauda_oceani",2267.77777777778,"OTU3448"
"OTU3283","Bacteria","Proteobacteria","Alphaproteobacteria","Sphingomonadales","Erythrobacteraceae","Qipengyuania","Qipengyuania_seohaensis",1355.44444444444,"OTU3283"
"OTU4511","Bacteria","Proteobacteria","Gammaproteobacteria","Pseudomonadales","Pseudomonadaceae","Pseudomonas","Pseudomonas_putida",1259.66666666667,"OTU4511"
"OTU227","Bacteria","Proteobacteria","Alphaproteobacteria","Rhodobacterales","Roseobacteraceae","Roseobacter","Roseobacter_sp._KT1117",820.444444444444,"OTU227"
"OTU5654","Bacteria","Proteobacteria","Alphaproteobacteria","Rhodobacterales","Roseobacteraceae","Phaeobacter","Phaeobacter_gallaeciensis",5397.44444444444,"OTU5654"
"OTU6030","Bacteria","Unclassified","Unclassified","Unclassified","Unclassified","Unclassified","uncultured_bacterium",178081.666666667,"OTU6030"
"OTU1052","Bacteria","Proteobacteria","Gammaproteobacteria","Kangiellales","Kangiellaceae","Kangiella","Kangiella_profundi",3104.55555555556,"OTU1052"
"OTU6144","Bacteria","Proteobacteria","Betaproteobacteria","Unclassified","Unclassified","Unclassified","uncultured_beta_proteobacterium",15089.1111111111,"OTU6144"
"OTU2186","Bacteria","Balneolaeota","Balneolia","Balneolales","Balneolaceae","Balneola","Balneola_sp.",6736.66666666667,"OTU2186"
"OTU5988","Bacteria","Proteobacteria","Gammaproteobacteria","Thiotrichales","Piscirickettsiaceae","Methylophaga","Methylophaga_frappieri",2989.44444444444,"OTU5988"
"OTU5558","Bacteria","Unclassified","Unclassified","Unclassified","Unclassified","Unclassified","uncultured_marine_bacterium",798.555555555556,"OTU5558"
"OTU2216","Bacteria","Proteobacteria","Deltaproteobacteria","Myxococcales","Unclassified","Unclassified","Myxococcales_bacterium",834.555555555556,"OTU2216"
"OTU6237","Bacteria","Proteobacteria","Alphaproteobacteria","Unclassified","Unclassified","Unclassified","uncultured_Alphaproteobacteria_bacterium",1268.77777777778,"OTU6237"
"OTU2037","Archaea","Thaumarchaeota","Unclassified","Nitrosopumilales","Nitrosopumilaceae","Nitrosopumilus","Nitrosopumilus_oxyclinae",4346.44444444444,"OTU2037"
"OTU379","Bacteria","Proteobacteria","Alphaproteobacteria","Rhodobacterales","Roseobacteraceae","Salipiger","Salipiger_profundus",4131.44444444444,"OTU379"
"OTU2574","Bacteria","Proteobacteria","Alphaproteobacteria","Rhodobacterales","Roseobacteraceae","Phaeobacter","Phaeobacter_inhibens",4109,"OTU2574"
"OTU693","Bacteria","Proteobacteria","Alphaproteobacteria","Rhodobacterales","Roseobacteraceae","Sulfitobacter","Sulfitobacter_sp._SK025",2717.22222222222,"OTU693"
"OTU712","Bacteria","Proteobacteria","Alphaproteobacteria","Rhodobacterales","Roseobacteraceae","Leisingera","Leisingera_aquaemixtae",113846,"OTU712"
"OTU2849","Bacteria","Proteobacteria","Alphaproteobacteria","Rhodobacterales","Roseobacteraceae","Leisingera","Leisingera_sp._NJS201",35149.5555555556,"OTU2849"
"OTU2850","Bacteria","Proteobacteria","Alphaproteobacteria","Rhodobacterales","Roseobacteraceae","Leisingera","Leisingera_sp._NJS204",16532.3333333333,"OTU2850"
"OTU5850","Bacteria","Proteobacteria","Gammaproteobacteria","Vibrionales","Vibrionaceae","Vibrio","Vibrio_nereis",14153.7777777778,"OTU5850"
"OTU341","Bacteria","Proteobacteria","Gammaproteobacteria","Vibrionales","Vibrionaceae","Vibrio","Vibrio_neocaledonicus",13890.2222222222,"OTU341"
"OTU5332","Bacteria","Proteobacteria","Gammaproteobacteria","Vibrionales","Vibrionaceae","Vibrio","Vibrio_diabolicus",10050,"OTU5332"
"OTU2220","Bacteria","Planctomycetes","Unclassified","Unclassified","Unclassified","Unclassified","Planctomycetes_bacterium",6376.22222222222,"OTU2220"
"OTU1094","Bacteria","Proteobacteria","Alphaproteobacteria","Rhodobacterales","Roseobacteraceae","Phaeobacter","Phaeobacter_piscinae",4908.44444444444,"OTU1094"
"OTU586","Bacteria","Proteobacteria","Alphaproteobacteria","Rhodobacterales","Roseobacteraceae","Leisingera","Leisingera_methylohalidivorans",4418,"OTU586"
"OTU5779","Bacteria","Proteobacteria","Gammaproteobacteria","Vibrionales","Vibrionaceae","Vibrio","Vibrio_parahaemolyticus",4641.88888888889,"OTU5779"
"OTU1682","Bacteria","Proteobacteria","Alphaproteobacteria","Rhodobacterales","Roseobacteraceae","Phaeobacter","Phaeobacter_porticola",3727.55555555556,"OTU1682"
"OTU1963","Bacteria","Proteobacteria","Alphaproteobacteria","Rhodobacterales","Roseobacteraceae","Sulfitobacter","Sulfitobacter_alexandrii",3523.55555555556,"OTU1963"
"OTU6170","Bacteria","Proteobacteria","Alphaproteobacteria","Hyphomonadales","Hyphomonadaceae","Hyphomonas","Hyphomonas_sp.",2302.77777777778,"OTU6170"
"OTU4442","Bacteria","Proteobacteria","Alphaproteobacteria","Rhodobacterales","Unclassified","Unclassified","uncultured_Rhodobacterales_bacterium",2370.88888888889,"OTU4442"
"OTU3189","Bacteria","Planctomycetes","Planctomycetia","Planctomycetales","Planctomycetaceae","Gimesia","Gimesia_benthica",1452.77777777778,"OTU3189"
"OTU5769","Bacteria","Proteobacteria","Gammaproteobacteria","Vibrionales","Vibrionaceae","Vibrio","Vibrio_cholerae",1733.55555555556,"OTU5769"
"OTU5847","Bacteria","Proteobacteria","Gammaproteobacteria","Vibrionales","Vibrionaceae","Vibrio","Vibrio_natriegens",1338.88888888889,"OTU5847"
"OTU5761","Bacteria","Proteobacteria","Gammaproteobacteria","Vibrionales","Vibrionaceae","Vibrio","Vibrio_alginolyticus",21468.2222222222,"OTU5761"
"OTU724","Bacteria","Proteobacteria","Alphaproteobacteria","Rhodobacterales","Roseobacteraceae","Pseudosulfitobacter","Pseudosulfitobacter_pseudonitzschiae",12794,"OTU724"
"OTU5330","Bacteria","Proteobacteria","Alphaproteobacteria","Rhodobacterales","Roseobacteraceae","Leisingera","Leisingera_caerulea",11399.6666666667,"OTU5330"
"OTU282","Bacteria","Bacteroidetes","Flavobacteriia","Flavobacteriales","Flavobacteriaceae","Maribacter","Maribacter_cobaltidurans",4919.11111111111,"OTU282"
"OTU1501","Bacteria","Bacteroidetes","Flavobacteriia","Flavobacteriales","Flavobacteriaceae","Euzebyella","Euzebyella_marina",2909.22222222222,"OTU1501"
"OTU4582","Bacteria","Bacteroidetes","Cytophagia","Cytophagales","Cyclobacteriaceae","Cyclobacterium","Cyclobacterium_amurskyense",2270.77777777778,"OTU4582"
"OTU3163","Bacteria","Proteobacteria","Alphaproteobacteria","Rhodobacterales","Roseobacteraceae","Octadecabacter","Octadecabacter_sp._SW4",1088.44444444444,"OTU3163"
"OTU750","Bacteria","Proteobacteria","Gammaproteobacteria","Pseudomonadales","Marinobacteraceae","Marinobacter","Marinobacter_similis",1588.11111111111,"OTU750"
"OTU2221","Bacteria","Proteobacteria","Alphaproteobacteria","Hyphomicrobiales","Rhodobiaceae","Unclassified","Rhodobiaceae_bacterium",840.666666666667,"OTU2221"
"OTU4837","Bacteria","Proteobacteria","Alphaproteobacteria","Rhodobacterales","Rhodobacteraceae","Tritonibacter","Tritonibacter_mobilis",223248.666666667,"OTU4837"
"OTU5020","Bacteria","Proteobacteria","Alphaproteobacteria","Rhodobacterales","Roseobacteraceae","Marinovum","Marinovum_algicola",5444,"OTU5020"
"OTU5980","Bacteria","Actinobacteria","Actinomycetia","Propionibacteriales","Nocardioidaceae","Micropruina","Micropruina_glycogenica",1013.55555555556,"OTU5980"
"OTU4332","Bacteria","Proteobacteria","Gammaproteobacteria","Pseudomonadales","Pseudomonadaceae","Pseudomonas","Pseudomonas_aeruginosa",9991.33333333333,"OTU4332"
"OTU1989","Bacteria","Proteobacteria","Alphaproteobacteria","Sphingomonadales","Erythrobacteraceae","Qipengyuania","Qipengyuania_flava",6654.77777777778,"OTU1989"
"OTU5986","Bacteria","Bacteroidetes","Flavobacteriia","Flavobacteriales","Flavobacteriaceae","Gilvibacter","Gilvibacter_sp._SZ-19",2749.77777777778,"OTU5986"
"OTU3746","Bacteria","Proteobacteria","Alphaproteobacteria","Maricaulales","Maricaulaceae","Hyphobacterium","Hyphobacterium_sp._CCMP332",2385.55555555556,"OTU3746"
"OTU2946","Bacteria","Bacteroidetes","Flavobacteriia","Flavobacteriales","Flavobacteriaceae","Muricauda","Muricauda_aquimarina",1586.66666666667,"OTU2946"
"OTU466","Bacteria","Proteobacteria","Alphaproteobacteria","Hyphomonadales","Hyphomonadaceae","Hyphomonas","Hyphomonas_atlantica",1888.77777777778,"OTU466"
"OTU3490","Bacteria","Bacteroidetes","Flavobacteriia","Flavobacteriales","Flavobacteriaceae","Salegentibacter","Salegentibacter_mishustinae",1335.11111111111,"OTU3490"
"OTU2920","Bacteria","Bacteroidetes","Flavobacteriia","Flavobacteriales","Flavobacteriaceae","Oceanihabitans","Oceanihabitans_sp._IOP_32",1260.33333333333,"OTU2920"
"OTU5333","Bacteria","Proteobacteria","Gammaproteobacteria","Pseudomonadales","Marinobacteraceae","Marinobacter","Marinobacter_sp.",763.777777777778,"OTU5333"
"OTU5085","Bacteria","Proteobacteria","Betaproteobacteria","Nitrosomonadales","Nitrosomonadaceae","Nitrosomonas","Nitrosomonas_cryotolerans",1341.88888888889,"OTU5085"
"OTU3179","Bacteria","Proteobacteria","Alphaproteobacteria","Rhodobacterales","Rhodobacteraceae","Pukyongiella","Pukyongiella_litopenaei",1040.11111111111,"OTU3179"
"OTU2408","Bacteria","Bacteroidetes","Flavobacteriia","Flavobacteriales","Flavobacteriaceae","Pukyongia","Pukyongia_salina",17360.1111111111,"OTU2408"
"OTU5536","Bacteria","Proteobacteria","Gammaproteobacteria","Enterobacterales","Enterobacteriaceae","Escherichia","Escherichia_coli",2098,"OTU5536"
"OTU2055","Bacteria","Proteobacteria","Alphaproteobacteria","Rhodobacterales","Roseobacteraceae","Sulfitobacter","Sulfitobacter_sp._D7",2934.44444444444,"OTU2055"
"OTU5230","Bacteria","Proteobacteria","Gammaproteobacteria","Vibrionales","Vibrionaceae","Vibrio","Vibrio_cyclitrophicus",3858.33333333333,"OTU5230"
"OTU3942","Bacteria","Proteobacteria","Gammaproteobacteria","Chromatiales","Unclassified","Thiohalobacter","Thiohalobacter_sp._COW1",763.222222222222,"OTU3942"
"OTU6298","Bacteria","Proteobacteria","Deltaproteobacteria","Desulfobacterales","Desulfobacteraceae","Desulfosarcina","Desulfosarcina_widdelii",1947.22222222222,"OTU6298"
"OTU2991","Bacteria","Proteobacteria","Alphaproteobacteria","Hyphomicrobiales","Parvibaculaceae","Parvibaculum","Parvibaculum_lavamentivorans",983.555555555556,"OTU2991"
"OTU4073","Bacteria","Proteobacteria","Alphaproteobacteria","Rhodospirillales","Thalassospiraceae","Magnetovibrio","Magnetovibrio_blakemorei",13802.6666666667,"OTU4073"
"OTU5573","Bacteria","Proteobacteria","Deltaproteobacteria","Desulfobacterales","Desulfobacteraceae","Desulfosarcina","Desulfosarcina_alkanivorans",2632.88888888889,"OTU5573"
"OTU1414","Bacteria","Bacteroidetes","Bacteroidia","Marinilabiliales","Marinifilaceae","Labilibaculum","Labilibaculum_antarcticum",1180.33333333333,"OTU1414"
"OTU6096","Bacteria","Proteobacteria","Deltaproteobacteria","Desulfobacterales","Desulfobacteraceae","Desulfosarcina","Desulfosarcina_ovata",925.555555555556,"OTU6096"
"OTU1914","Bacteria","Proteobacteria","Betaproteobacteria","Burkholderiales","Burkholderiaceae","Ralstonia","Ralstonia_insidiosa",20976.2222222222,"OTU1914"
"OTU4625","Bacteria","Proteobacteria","Alphaproteobacteria","Sphingomonadales","Sphingomonadaceae","Sphingopyxis","Sphingopyxis_macrogoltabida",16276,"OTU4625"
"OTU6231","Bacteria","Proteobacteria","Gammaproteobacteria","Kangiellales","Kangiellaceae","Kangiella","Kangiella_geojedonensis",3142.77777777778,"OTU6231"
"OTU85","Bacteria","Proteobacteria","Betaproteobacteria","Burkholderiales","Burkholderiaceae","Ralstonia","Ralstonia_mannitolilytica",572.666666666667,"OTU85"
"OTU33","Archaea","Thaumarchaeota","Unclassified","Nitrosopumilales","Nitrosopumilaceae","Nitrosopumilus","Nitrosopumilus_sp._AR",7209.77777777778,"OTU33"
"OTU4383","Bacteria","Proteobacteria","Gammaproteobacteria","Enterobacterales","Enterobacteriaceae","Salmonella","Salmonella_enterica",15625,"OTU4383"
"OTU3702","Bacteria","Proteobacteria","Gammaproteobacteria","Pseudomonadales","Marinobacteraceae","Marinobacter","Marinobacter_nauticus",20455.6666666667,"OTU3702"
"OTU1863","Bacteria","Planctomycetes","Planctomycetia","Planctomycetales","Planctomycetaceae","Fuerstiella","Fuerstiella_marisgermanici",21583.1111111111,"OTU1863"
"OTU2930","Bacteria","Proteobacteria","Deltaproteobacteria","Myxococcales","Unclassified","Unclassified","uncultured_Myxococcales_bacterium",2491.88888888889,"OTU2930"
"OTU3933","Bacteria","Bacteroidetes","Flavobacteriia","Flavobacteriales","Flavobacteriaceae","Gramella","Gramella_echinicola",1516.55555555556,"OTU3933"
"OTU5057","Bacteria","Proteobacteria","Gammaproteobacteria","Chromatiales","Granulosicoccaceae","Granulosicoccus","Granulosicoccus_antarcticus",1256.44444444444,"OTU5057"
"OTU1311","Bacteria","Proteobacteria","Gammaproteobacteria","Pseudomonadales","Marinobacteraceae","Marinobacter","Marinobacter_sp._CP1",1239.77777777778,"OTU1311"
"OTU43","Bacteria","Proteobacteria","Gammaproteobacteria","Pseudomonadales","Marinobacteraceae","Marinobacter","Marinobacter_adhaerens",1048.66666666667,"OTU43"
"OTU1974","Bacteria","Bacteroidetes","Flavobacteriia","Flavobacteriales","Flavobacteriaceae","Muricauda","Muricauda_sp.",25263.2222222222,"OTU1974"
"OTU5349","Bacteria","Bacteroidetes","Flavobacteriia","Flavobacteriales","Cryomorphaceae","Unclassified","uncultured_Cryomorphaceae_bacterium",800.333333333333,"OTU5349"
"OTU4079","Bacteria","Actinobacteria","Actinomycetia","Propionibacteriales","Propionibacteriaceae","Brevilactibacter","Brevilactibacter_sp._MC1595",1009.44444444444,"OTU4079"
"OTU2932","Bacteria","Proteobacteria","Betaproteobacteria","Unclassified","Unclassified","Unclassified","uncultured_ammonia-oxidizing_beta_proteobacterium",706.888888888889,"OTU2932"
"OTU2209","Bacteria","Proteobacteria","Deltaproteobacteria","Unclassified","Unclassified","Unclassified","Deltaproteobacteria_bacterium",885.111111111111,"OTU2209"
"OTU1489","Fungi","Unclassified","Unclassified","Unclassified","Unclassified","Unclassified","uncultured_fungus",2405.44444444444,"OTU1489"
"OTU843","Archaea","Thaumarchaeota","Unclassified","Nitrosopumilales","Nitrosopumilaceae","Nitrosopumilus","Nitrosopumilus_cobalaminigenes",661.888888888889,"OTU843"
"OTU4944","Bacteria","Proteobacteria","Alphaproteobacteria","Hyphomicrobiales","Nitrobacteraceae","Afipia","Afipia_carboxidovorans",1869.33333333333,"OTU4944"
"OTU3079","Bacteria","Proteobacteria","Gammaproteobacteria","Pseudomonadales","Marinobacteraceae","Marinobacter","Marinobacter_sp._THAF197a",1066.77777777778,"OTU3079"
"OTU2878","Bacteria","Planctomycetes","Unclassified","Unclassified","Unclassified","Unclassified","Planctomycetes_bacterium_K2D",1719.88888888889,"OTU2878"
"OTU5189","Bacteria","Proteobacteria","Gammaproteobacteria","Moraxellales","Moraxellaceae","Acinetobacter","Acinetobacter_baumannii",1340.11111111111,"OTU5189"
"OTU1761","Bacteria","Proteobacteria","Gammaproteobacteria","Oceanospirillales","Alcanivoracaceae","Alcanivorax","Alcanivorax_sp.",2955.33333333333,"OTU1761"
